<?xml version="1.0" encoding="UTF-8" ?>
<model package="socialzap" baseClass="xPDOObject" platform="mysql" defaultEngine="MyISAM" version="1.1">
    <object class="SocialZapItem" table="socialzap_items" extends="xPDOSimpleObject">
        <field key="key" dbtype="varchar" precision="255" phptype="string" null="false" default=""/>
        <field key="username" dbtype="varchar" precision="255" phptype="string" null="false" default=""/>
        <field key="source" dbtype="varchar" precision="255" phptype="string" null="false" default=""/>
        <field key="media_type" dbtype="varchar" precision="255" phptype="string" null="false" default=""/>
        <field key="media_url" dbtype="text" phptype="string" null="true" />
        <field key="image_url" dbtype="text" phptype="string" null="true" />
        <field key="permalink" dbtype="text" phptype="string" null="true" />
        <field key="content" dbtype="text" phptype="string" null="true" />
        <field key="date" dbtype="timestamp" phptype="timestamp" null="false" />
        <field key="properties" dbtype="text" phptype="string" null="true" />
        <field key="deleted" dbtype="int" precision="1" attributes="unsigned" phptype="integer" null="false" default="0"/>
        <field key="published" dbtype="int" precision="1" attributes="unsigned" phptype="integer" null="false" default="0"/>
    </object>
</model>
